最寄駅：名称,count
川崎,3047
勝どき,2508
浜松,2462
広島,2387
新潟,2341
川口,2244
博多,2175
戸塚,2080
東戸塚,1937
鶴見,1825
豊洲,1805
大森(東京),1797
新大阪,1793
西川口,1782
横浜,1777
平塚,1751
両国,1688
本厚木,1646
池袋,1603
稲毛,1598
亀戸,1596
金沢,1579
新浦安,1545
武蔵浦和,1542
千里中央,1534
静岡,1523
西鉄平尾,1459
田町(東京),1448
錦糸町,1440
都島,1431
綱島,1420
町田,1419
武蔵小杉,1418
大宮(埼玉),1416
三鷹,1416
三ノ宮(ＪＲ),1411
白金高輪,1402
高宮(福岡),1400
新小岩,1387
東陽町,1361
小田急相模原,1324
南砂町,1313
水天宮前,1303
蒲田,1286
岡山,1281
五反田,1271
三軒茶屋,1268
大崎,1265
たまプラーザ,1260
盛岡,1259
大橋(福岡),1249
稲毛海岸,1245
阿波座,1244
茅ケ崎,1243
荻窪,1238
西馬込,1221
三ノ輪,1205
鴨居,1205
目黒,1201
大塚(東京),1194
船橋,1193
新横浜,1193
阪東橋,1191
八王子,1179
仙台,1178
江戸川橋,1168
藤沢,1166
練馬,1160
大倉山(神奈川),1149
浦和,1140
日吉(神奈川),1138
東三国,1136
月島,1125
桃山台,1125
学芸大学,1123
入谷(東京),1119
大森海岸,1117
大分,1111
麻布十番,1106
北四番丁,1103
郡山(福島),1101
鹿児島中央,1100
渋谷,1090
姪浜,1088
西葛西,1080
柏,1080
相模原,1079
志木,1077
北綾瀬,1075
恵比寿,1071
赤坂(福岡),1068
大濠公園,1067
田無,1066
上大岡,1061
西１８丁目,1049
金町,1048
橋本(神奈川),1043
保土ケ谷,1036
円山公園,1032
宮前平,1025
宇都宮,1007
池尻大橋,1001
鷺沼,999
大船,992
西新宿五丁目,989
香里園,989
吉野町,976
松戸,975
千里丘,966
戸田公園,963
東大島,960
検見川浜,958
辻堂,954
伊勢佐木長者町,950
品川,949
大島(東京),946
南千住,942
立川,935
高田馬場,930
北浦和,927
用賀,924
武蔵新城,923
江坂,922
天神橋筋六丁目,922
武蔵関,922
葛西,920
谷町四丁目,916
青葉台,913
清澄白河,912
西新,909
西神中央,909
真駒内,907
逗子,902
蕨,901
大井町,901
西２８丁目,899
板橋本町,896
府中(東京),896
春日(東京),895
六本松,892
西荻窪,892
あざみ野,890
ときわ台(東京),890
谷町六丁目,889
亀有,884
八丁堀(東京),883
門前仲町,877
菊川(東京),871
南浦和,869
千歳船橋,869
西巣鴨,865
武蔵小金井,864
秋田,860
堺筋本町,860
伊丹(阪急),860
宝塚,858
西１１丁目,858
港南台,857
岐阜,856
磯子,855
川口元郷,854
千葉ニュータウン中央,853
姫路,851
方南町,851
上板橋,850
幌平橋,850
相模大野,844
押上,842
芦屋(阪神),840
板橋区役所前,834
藤が丘(愛知),834
不動前,830
二俣川,826
宮崎台,826
駒込,823
都立大学,823
垂水,821
福住,818
藤崎(福岡),818
根岸(神奈川),817
早稲田(メトロ),809
六本木,809
室見,808
高槻,807
志村三丁目,806
武蔵新田,806
高円寺,805
お花茶屋,804
中野(東京),799
金剛,795
笹塚,794
朝霧,789
調布,788
大山(東京),782
淵野辺,781
王子,780
駒沢大学,778
木場,778
桜新町,775
沼津,775
名谷,774
千歳烏山,771
新百合ケ丘,769
池上,768
関内,768
上永谷,767
石川町,766
竹ノ塚,764
京王永山,764
大森町,764
福島(大阪),763
梅島,759
幡ケ谷,758
東武練馬,757
新宿御苑前,753
住吉(東京),751
初台,749
光明池,748
成増,745
南大沢,745
西鉄久留米,745
武庫之荘,744
芦屋(ＪＲ),744
宮崎,743
新富町(東京),740
小岩,735
大久保(東京),734
中村橋,732
京王多摩センター,728
新丸子,728
薬院,728
町屋,728
十日市場(神奈川),725
茨木,724
綾瀬,723
烏丸御池,723
渡辺通,721
今出川,721
茗荷谷,721
赤坂(東京),720
浅草(つくばＥＸＰ),720
草加,718
川越,717
小倉(福岡),716
桜木町,715
武蔵中原,713
浅草(東武・都営・メトロ),708
北千住,708
西八王子,707
平和島,706
弁天町,706
市川,702
北千里,700
森下(東京),699
新御徒町,698
蔵前,697
飯田橋,697
南千里,696
大谷地,694
東新宿,693
草津(滋賀),690
元住吉,690
大泉学園,690
緑地公園,690
津田沼,689
池田(大阪),687
南森町,686
馬込,685
西長堀,685
西船橋,684
泉ケ丘,683
本所吾妻橋,683
中津(大阪メトロ),683
琴似(札幌市営),681
天満橋,679
妙法寺(兵庫),679
高井戸,677
唐人町,677
十三,675
溝の口,674
三田(東京),674
田端,674
梶が谷,673
福山,673
中野坂上,672
水前寺,671
朝霞,669
山手,669
雑色,669
相武台前,668
所沢,659
高岳,659
五条(京都市営),659
西大島,659
堺,658
生麦,656
西大路,655
春日部,655
山田(大阪),653
矢口渡,653
海老名,652
長崎(長崎),652
広尾,651
京橋(大阪),651
高崎(ＪＲ),650
黄金町,650
打出,648
光が丘,647
新中野,647
志村坂上,647
狭山市,646
王子神谷,645
行徳,645
北浜(大阪),644
新神戸,644
中目黒,642
西宮(阪神),639
樟葉,639
南平岸,639
箱崎,638
摂津富田,635
東池袋,634
我孫子,633
明石,632
六甲,632
戸部,631
護国寺,629
三国(大阪),628
西中島南方,626
八丁畷,625
西宮北口,624
二子玉川,623
朝霞台,623
黒崎,620
四天王寺前夕陽ケ丘,620
武蔵小山,619
吉祥寺,617
金沢文庫,614
桜川(大阪),613
竹下,612
要町,611
浜町,610
本町,610
東岡崎,609
入間市,604
赤羽,603
鶴間,602
大和(神奈川),600
塚本,598
椎名町,597
落合南長崎,597
佐賀,596
鹿島田,595
御影(阪急),593
元町・中華街,592
南行徳,592
別府(福岡),592
西横浜,589
薬院大通,588
西京極,587
南林間,583
逆瀬川,581
西新宿,580
北与野,580
熊本,580
本八幡,580
泉中央,578
八乙女,576
辰巳,575
立会川,575
千葉,572
長岡,572
つくば,570
菊名,568
中島公園,568
東中野,567
南与野,567
曙橋,567
北池袋,566
国分寺,566
新松戸,565
清瀬,563
五橋,562
国立,562
獨協大学前,561
伏見(愛知),561
呉服町(福岡),561
京急蒲田,558
本郷台,557
本蓮沼,556
上尾,556
福島(福島),554
大宮(京都),554
下総中山,553
新検見川,553
桜台(東京),553
東川口,549
星ケ丘(愛知),547
井尻,546
鶴ケ峰,546
蒔田,544
浦安(千葉),544
神泉,543
牛込柳町,542
ひばりケ丘(東京),541
本郷三丁目,541
富山,540
澄川,537
センター北,536
船堀,534
若葉,534
浅草橋,534
琴似(ＪＲ),534
新所沢,533
中山(神奈川),533
平井(東京),532
水戸,532
加古川,531
根津,529
富雄,528
京成立石,528
住吉(ＪＲ・六甲ライナー),528
バスセンター前,527
千駄木,526
人形町,526
四条(京都市営),524
尼崎(ＪＲ),518
西神南,518
洋光台,518
ふじみ野,517
生田(神奈川),517
八千代緑が丘,516
白石(札幌市営),515
京王堀之内,514
能見台,514
吉塚,514
甲子園口,513
野並,512
鶴見市場,512
大津京,512
長堀橋,511
長津田,511
今福鶴見,511
四谷三丁目,511
大阪天満宮,511
大元,510
茨木市,510
新水前寺,509
仲町台,509
下落合,508
聖蹟桜ケ丘,508
新金岡,507
尻手,507
高輪台,507
東高円寺,506
久米川,506
花小金井,505
武蔵境,503
豊中,503
柳瀬川,502
二条,501
石神井公園,501
中崎町,500
五反野,499
巣鴨,499
山形,499
肥後橋,499
北小金,498
小手指,497
東向島,497
泉岳寺,496
浮間舟渡,496
河辺,496
大正(大阪),495
大阪上本町,495
八千代台,495
東武宇都宮,493
南福岡,493
国領,491
勾当台公園,491
松屋町,491
苦楽園口,490
南仙台,490
北赤羽,489
成田,489
茅場町,489
東札幌,488
平沼橋,487
ユーカリが丘,487
大口,487
千葉みなと,486
京王八王子,485
一橋学園,485
さがみ野,485
麻生,484
神戸(兵庫),484
谷町九丁目,483
表参道,481
西明石,479
南柏,479
千石,479
氷川台,478
旭川,478
上野毛,477
土浦,477
西台,476
東浦和,475
新馬場,475
藤が丘(神奈川),474
東神奈川,473
蓮根,473
尾張一宮,470
東十条,470
新越谷,470
膳所,469
上石神井,469
谷塚,469
市ケ谷,468
矢向,468
和光市,468
芦花公園,468
妙蓮寺,468
向ケ丘遊園,468
大鳥居,467
住道,467
アイランドセンター,467
六甲道,467
別府(大分),466
天王洲アイル,465
勝田台,465
南町田グランベリーパーク,465
京急鶴見,463
青砥,460
土山,460
新宿,460
東照宮,460
北仙台,459
印西牧の原,458
生駒,458
新子安,456
尾山台,454
宮原,452
摂津本山,452
大久保(兵庫),451
長原(東京),450
戸越銀座,449
半蔵門,448
鶴川,448
久屋大通,448
新川崎,447
日暮里,445
湯島,444
高島町,444
築地,443
和泉中央,442
糀谷,441
経堂,441
古淵,441
熊谷,440
京成大久保,440
天神,439
西院(阪急),439
中の島,438
後楽園,438
本川越,437
兵庫,437
倉敷,437
東別院,436
片倉町,436
石山,436
新大塚,435
南船橋,435
新開地,435
甲府,434
南茨木,433
小伝馬町,430
八幡山,430
神楽坂,428
蓮沼,428
板橋,427
中洲川端,427
関目高殿,426
日進(埼玉),425
せんげん台,425
久留米,425
百合ケ丘,425
狛江,424
目白,424
前橋,424
札幌(ＪＲ),423
中野富士見町,423
桜坂,423
西新井,423
甲子園,423
湘南台,423
北３４条,422
新大宮,421
大国町,421
茶屋ケ坂,421
白山(東京),420
蒲生四丁目,420
一社,419
祖師ケ谷大蔵,419
舞子,419
長町,419
横須賀中央,418
立花,418
練馬高野台,417
堺東,416
東野(京都),416
みなとみらい,416
新板橋,415
北野田,415
天王寺,414
フラワータウン,413
徳山,413
梅屋敷(東京),412
宮の沢,412
豊橋,412
馬喰町,411
白井,411
センター南,411
野方,410
二子新地,410
新江古田,409
少路(大阪モノレール),409
幕張,409
月寒中央,408
成城学園前,408
岩本町,406
学園都市,406
塚口(阪急),404
丸の内(愛知),404
芝公園,404
柿生,403
塚口(ＪＲ),402
原木中山,402
香櫨園,401
井荻,401
鵜の木,401
落合(東京),401
戸越,400
寝屋川市,400
東府中,400
みずほ台,399
井土ケ谷,399
平岸(札幌市営),399
本駒込,399
豊田,399
千鳥町,398
玉川学園前,398
桶川,397
大師前,397
上福岡,397
御幣島,397
代田橋,397
野江,397
追浜,396
高槻市,395
西千葉,395
枚方公園,395
光善寺,395
弘明寺(京急),394
和泉府中,393
小作,392
新高円寺,392
新田(埼玉),392
小竹向原,391
枚方市,390
甲陽園,390
阿倍野,389
新三郷,388
学園前(奈良),387
千住大橋,387
尼崎(阪神),386
南阿佐ケ谷,386
千船,386
鶴舞,386
地下鉄成増,385
与野本町,384
桜上水,384
春日野道(阪神),383
中野新橋,382
淡路,382
新さっぽろ,380
市が尾,380
あいの里教育大,380
伊丹(ＪＲ),380
青森,379
金沢八景,378
南小倉,375
祐天寺,375
越谷,374
与野,373
道徳,373
東大宮,373
秦野,372
取手,371
中央林間,369
丸太町(京都市営),369
九条(大阪メトロ),368
京急久里浜,367
佐世保,367
富士見台,367
扇町(大阪),367
高島平,367
福井(福井),366
青木,365
千早,363
北花田,363
雪が谷大塚,363
若松河田,363
北２４条,363
馬込沢,362
愛甲石田,362
中浦和,362
新福島,361
一之江,360
白石(ＪＲ北海道),359
上星川,358
新座,357
富士,357
奈良,357
東日本橋,356
尾久,356
雑司が谷(東京メトロ),356
西元町,355
実籾,355
寺田町,354
大日,352
大津,351
大須観音,351
五日市,350
泉大津,350
白金台,350
魚崎,350
別府大学,349
大曽根,348
上町,348
北越谷,348
上熊本(ＪＲ・熊本電鉄),348
都立家政,348
南鳩ケ谷,347
京成曳舟,346
京王多摩川,346
宝塚南口,345
浜松町,344
南鹿児島,344
久地,343
黒川(愛知),343
西日暮里,342
鴫野,342
桑園,342
清水(静岡),341
中板橋,340
祇園(福岡),340
上野,340
覚王山,340
柏の葉キャンパス,339
小田原,338
菊水,338
県庁前(兵庫),338
蘇我,338
上社,337
北柏,337
東鷲宮,337
高城,337
牛込神楽坂,337
六浦,336
須磨,336
高蔵寺,336
徳島,335
恵美須町,335
代官山,335
曳舟,335
三河島,334
日進(愛知),334
河原町(宮城),334
沼袋,334
上野芝,333
桜ケ丘,333
南橋本,333
東比恵,333
志津,332
香椎,332
陸前高砂,332
幕張本郷,331
高津(神奈川),331
瑞江,331
矢部,330
乃木坂,330
栂・美木多,329
東林間,329
桜ノ宮,327
松本,326
東所沢,326
北大路,326
星川(神奈川),326
池下,326
善行,325
横堤,325
鷺ノ宮,325
東千葉,325
新井薬師前,324
函館,324
衣笠,324
喜多見,324
中山観音,323
つきみ野,323
代々木,322
愛宕橋,322
長町南,322
三郷(埼玉),322
武蔵藤沢,322
潮見,320
阿佐ケ谷,320
石川台,320
二十四軒,319
妙典,319
元町(ＪＲ),319
六町,318
本千葉,318
堀切菖蒲園,318
京急川崎,317
千里山,316
新石切,316
花隈,316
門司,314
西大橋,314
深江橋,314
秋葉原,314
関目,314
春日野道(阪急),313
新狭山,313
北本,313
椥辻,313
南太田,312
青井,311
上前津,311
南草津,310
仙川,310
夙川,310
岡崎,310
八尾,309
二条城前,309
園田,308
西谷,308
八広,307
原(愛知),307
下丸子,307
北戸田,307
王子公園,306
常盤平,305
三ツ沢上町,305
清水五条,305
南古谷,305
三ツ境,304
深江(兵庫),304
御茶ノ水,304
神奈川新町,304
有明テニスの森,304
鶴橋,303
鶴巻温泉,302
上北沢,302
野田阪神,302
北山田(神奈川),302
下関,302
地下鉄赤塚,302
代々木上原,301
青梅,299
近鉄四日市,299
新栄町(愛知),298
六郷土手,298
下山門,297
座間,297
折尾,297
西鉄福岡(天神),297
下高井戸,297
平間,297
玉造(ＪＲ),296
中野島,296
日吉本町,296
北久里浜,295
三島,294
保谷,293
大和田(大阪),293
小村井,293
つつじケ丘,292
八潮,292
代々木公園,292
名古屋,292
新宿三丁目,291
六本木一丁目,291
春日井(ＪＲ),291
吉川,291
八事,291
朝潮橋,290
新大久保,290
天王町,290
日ノ出町,289
台原,289
習志野,288
東久留米,287
庄内通,287
下板橋,287
東大和市,287
安城,286
都筑,286
狭間,286
新羽,286
江古田,285
中河原,284
花畑,284
東青梅,284
西浦和,284
緑橋,284
有松,284
久我山,283
田原町(東京),283
今池(愛知),283
三郷(愛知),283
戸田(埼玉),282
和歌山,282
千代県庁口,282
アイランド北口,281
放出,281
大崎広小路,281
神奈川,281
旗の台,281
湊川公園,280
武蔵野台,280
中井,280
仁川,279
御器所,278
京成関屋,278
坂戸(埼玉),278
石橋阪大前,278
都筑ふれあいの丘,277
明大前,277
蒲生,277
柚須,276
下井草,276
北加賀屋,276
土気,275
戸畑,275
港南中央,275
北山(宮城),274
久喜,274
北品川,274
反町,274
鶯谷,274
松江,273
昭島,272
神田(東京),272
新安城,272
貝塚(福岡),272
屏風浦,272
天満,272
玉川上水,271
桑名,270
南流山,270
四ツ木,270
植田(名古屋市営),269
西所沢,269
西宮(ＪＲ),269
曽根(大阪),269
中川(神奈川),269
玉川(大阪),269
初石,269
箕面,268
京都,268
川崎大師,268
馬橋,267
小平,267
門戸厄神,267
赤羽橋,267
藤沢本町,267
神崎川,267
下永谷,266
東加古川,266
鳳,266
京都河原町,265
今里(大阪メトロ),265
小机,265
東長崎,264
杉田(神奈川),264
浜田山,264
平和台(東京),263
金山(愛知),263
西小倉,263
品川シーサイド,263
谷津,263
厚木,263
若葉台,262
高幡不動,262
出町柳,262
武蔵砂川,262
七道,261
鮫洲,260
近鉄八尾,260
荏原中延,260
希望ケ丘,260
伏見(京都),259
青物横丁,259
八千代中央,259
若江岩田,258
新長田,258
新船橋,258
榴ケ岡,257
中津(阪急),257
鳩ケ谷,257
加美,257
桂,256
川名,256
苗穂,255
東村山,255
中之島,255
米子,255
代々木八幡,255
河内小阪,255
岡町,254
多摩境,254
四街道,253
弘明寺(横浜市営),253
高松(香川),252
本郷(愛知),252
弘前,252
上溝,251
滝不動,251
京都市役所前,251
ひばりが丘(北海道),250
福生,250
上新庄,250
東静岡,250
小山,250
ＹＲＰ野比,249
麹町,249
新井口,248
水道橋,248
江田(神奈川),247
等々力,247
西国分寺,247
村上(千葉),246
江南(愛知),246
北習志野,246
和田町,246
円町,245
東銀座,245
青山(新潟),245
いりなか,244
発寒南,244
森ノ宮,243
学園前(札幌),243
外苑前,243
西小山,243
桜山,241
北１８条,241
山本(兵庫),240
大井競馬場前,240
塚田,239
堅田,239
日本大通り,239
京成高砂,239
向島,239
藤井寺,238
高根公団,238
七里,238
宇野辺,238
薬園台,238
博多南,238
東山公園(愛知),238
総持寺,238
川西能勢口,237
めじろ台,237
環状通東,237
小樽,236
高田(神奈川),236
岩槻,236
長居,236
鹿児島,236
ひたち野うしく,235
姫島,235
青山一丁目,235
森林公園(北海道),235
洗足池,235
吹田(ＪＲ),234
八事日赤,234
八幡宿,233
みなとじま,233
東船橋,233
甲南山手,232
横川(広島),232
芦屋川,232
茶山(京都),231
篠崎,231
なんば(大阪メトロ),231
笹原,231
三河豊田,230
読売ランド前,230
鎌倉,229
西大井,229
深井,228
西早稲田,228
上飯田,228
春日(福岡),228
三河安城,228
鶴瀬,227
平野(ＪＲ),227
北１２条,227
南大塚,227
東松山,226
かしわ台,226
天王台,225
宿河原,225
和歌山市,225
千種,224
長岡京,224
丸亀,224
服部天神,224
神宮丸太町,223
瀬田(滋賀),223
参宮橋,223
越中島,223
長尾(大阪),223
大和西大寺,223
日本橋(大阪),223
日生中央,222
本山(愛知),222
西浦上,222
新居浜,222
千川,221
雑餉隈,221
豊島園,221
野江内代,221
吹上(愛知),220
尾頭橋,220
土橋(愛知),220
勝川(ＪＲ),220
とうきょうスカイツリー,219
大和八木,219
東区役所前,219
神谷町,219
新前橋,219
ポートタウン西,219
葛西臨海公園,218
富士見ケ丘,218
四ツ橋,218
京急富岡,217
住之江公園,217
平野(大阪メトロ),217
五香,217
武蔵溝ノ口,217
西広島,217
県立大学,217
山科,217
総合リハビリセンター,217
九段下,217
守口,216
小幡,216
自由ケ丘(愛知),216
小林(兵庫),216
都賀,215
豊田市,215
東雲(東京),215
牧(大分),215
白楽,215
瑞穂運動場東,215
丹波口,215
香春口三萩野,215
下曽根,215
神沢,214
東二見,214
西高島平,214
手稲,214
寝屋川公園,213
いずみ野,213
門司港,213
さいたま新都心,213
浦賀,212
北野(東京),212
淀,212
飯能,211
天神南,210
三田(兵庫),210
桂川(京都),209
蛍池,208
陸前原ノ町,208
新杉田,208
野田(阪神),208
箕谷,207
水無瀬,207
八戸ノ里,207
山の街,207
長野(ＪＲ・しなの),207
新習志野,207
柴崎,207
馬喰横山,206
東生駒,206
中神,206
宮城野原,205
北鈴蘭台,205
高知,205
大岡山,205
御嶽山,205
豊春,204
宇治(ＪＲ),204
浄心,204
太秦天神川,204
西九条,204
東岸和田,203
駒場東大前,202
大阪梅田(阪急),202
鳥取,202
西立川,201
鴻巣,201
北松戸,201
東梅田,200
練馬春日町,200
太子堂,200
白山(新潟),200
指扇,199
八幡(福岡),199
高田(奈良),199
高尾(東京),199
岩倉(愛知),199
大牟田,198
牧野,198
いわき,198
宮崎神宮,197
学研奈良登美ケ丘,197
栄町(札幌),197
西鈴蘭台,197
新道東,197
桃谷,197
伏見桃山,196
新守山,196
赤池(愛知),196
前原,196
豊平公園,196
矢川,196
南郷１３丁目,196
太子橋今市,196
卸町(宮城),195
三浦海岸,195
日比野(名古屋市営),195
和白(ＪＲ),195
西新町,195
西白井,195
中島(愛知),194
元町(札幌),193
甲東園,193
貝塚(大阪),192
南熊本,192
灘,192
中京競馬場前,192
京成小岩,192
森下(愛知),192
福大前,192
久宝寺,191
国際センター(愛知),191
小川町(東京),191
鶴ケ島,191
西調布,191
稲荷町(東京),191
東淀川,190
木幡(京阪),190
市川大野,190
東大前,189
永福町,189
稲城,189
志茂,189
河堀口,188
自由が丘(東京),188
長町一丁目,188
三ツ沢下町,188
新橋,188
会津若松,187
姉ケ崎,187
小牧,187
野田(ＪＲ),187
東刈谷,187
安里,187
中書島,187
ポートタウン東,187
西武柳沢,187
向日町,186
分倍河原,186
おもろまち,186
南郷１８丁目,186
布田,186
拝島,186
刈谷市,186
瓢箪山(愛知),186
河和,186
新森古市,186
松井山手,186
神保町,185
知立,185
津久野,185
西向日,185
白子,185
大垣,185
岸辺,184
若林(東京),184
国府津,184
白鷺,184
高岡,184
多摩川,183
都庁前,182
道ノ尾,182
花月総持寺,182
東海学園前,182
伝法,181
大袋,181
馬車道,181
芝浦ふ頭,181
南郷７丁目,180
高速長田,180
中山寺,180
八坂(東京),179
大磯,179
中村区役所,179
大阪狭山市,179
さっぽろ(札幌市営),178
岸和田,178
新下関,178
西条(広島),177
弥生台,177
鳴海,177
魚住,177
新高島平,177
踊場,177
豊津(大阪),177
岩塚,176
岩国,176
赤塚,176
昭和町(香川),176
古河,176
大府,176
淀屋橋,176
栗平,176
船橋法典,175
三崎口,175
豊田本町,175
名島,175
片野,175
南富山,175
新在家,175
玉造(大阪メトロ),175
高速神戸,174
小牧原,174
富沢,174
羽村,174
西国立,174
三郷中央,174
柴又,173
京成佐倉,173
鴻池新田,173
東部市場前,173
並木中央,173
京急長沢,173
西那須野,173
羽倉崎,172
山口(山口),172
刈谷,172
五井,172
松尾大社,171
鳴尾・武庫川女子大前,171
加茂宮,171
飯山満,171
大阪,171
登戸,170
深谷,170
菖蒲池,170
仏子,170
こどもの国(神奈川),170
今宿,170
箱崎宮前,170
亀戸水神,170
苫小牧,169
東福山,169
喜連瓜破,169
湯田温泉,168
中延,168
長後,168
七隈,168
高の原,167
鶴崎,167
本町６丁目,166
八王子みなみ野,166
車道,166
南宮崎,165
長田(神戸電鉄),165
相生山,165
島本,165
亀島,165
備前西市,165
浅間町,165
新柏,165
六番町,165
新川(北海道),165
五稜郭,164
荒畑,164
土呂,164
塩屋(兵庫),163
ドーム前千代崎,163
東門前,163
四ツ谷,163
あびこ,163
杁ケ池公園,162
武里,162
沼部,162
西武立川,162
桜街道,162
羽衣,162
発寒中央,162
伊川谷,162
海浜幕張,162
武庫川団地前,162
今津(阪神),161
片瀬江ノ島,161
津,161
権堂,161
海老江,161
徳庵,161
小鶴新田,161
昭和町(大阪),161
出戸,161
三好ケ丘,160
鴨宮,160
新飯塚,160
新瑞橋,159
美園,159
新桜台,159
王寺,159
新三河島,159
ウッディタウン中央,159
国府宮,158
門真市,158
奈多,158
三日市町,158
南ウッディタウン,158
洗足,158
茶山(福岡),158
上小田井,158
西新井大師西,157
南小樽,157
浦上,156
北１３条東,156
鷹取,156
千代田,156
西田辺,156
名古屋大学,155
売布神社,155
藤枝,155
赤羽岩淵,155
稲積公園,155
稲沢,155
港北,155
すすきの(市営),155
是政,155
三鷹台,155
杭瀬,155
釧路,154
発寒,154
玉出,154
新八柱,154
西宮名塩,154
美栄橋,154
野里,154
洛西口,153
上井草,153
石屋川,152
下赤塚,152
東小金井,152
瀬谷,152
和泉大宮,151
下新庄,151
東あずま,151
西大路御池,151
野幌,150
河内長野,150
近鉄奈良,149
烏丸,149
鈴蘭台,149
出屋敷,149
唐木田,149
西永福,149
豪徳寺,149
郡元(ＪＲ),148
潟元,148
平針,148
大町西公園,146
塩釜口,146
大和高田,146
北府中,145
大神宮下,145
千林大宮,145
城野(ＪＲ),145
橿原神宮前,145
星置,145
御影(阪神),145
前後,145
京王稲田堤,145
久が原,144
藤森,144
越谷レイクタウン,144
磐田,143
新田辺,143
京成津田沼,143
航空公園,143
草薙(ＪＲ),143
十条(東京),143
六実,142
新豊田,142
国見(宮城),142
富士見町(神奈川),142
矢野口,141
北伊丹,141
日野(東京),141
布施,140
穴守稲荷,140
雲雀丘花屋敷,140
穴生,140
有馬温泉,140
白岡,140
北参道,140
醍醐(京都),140
南久留米,140
大門(東京),139
川和町,139
広瀬通,139
旭橋,139
東伏見,139
難波(南海),138
内海(愛知),138
牧志,138
鎌取,138
池ノ上,138
新琴似,138
徳重・名古屋芸大,137
徳重,137
板宿,136
岩屋(兵庫),136
河内天美,136
太田(群馬),136
飾磨,136
ユニバーサルシティ,136
彩都西,135
大阪城北詰,135
桜井(奈良),135
庄内(大阪),135
谷保,134
蟹江,134
岸根公園,134
海南,134
加島,134
守谷,134
周船寺,134
荒本,133
新瀬戸,133
東松戸,133
住吉大社,133
長岡天神,132
本城,132
北新地,132
藤阪,132
万博記念公園(大阪),132
河内松原,131
大阪阿部野橋,131
黒松(宮城),131
松阪,131
上桂,131
三条(高松),131
相模大塚,131
星田,130
九条(京都),130
八軒,130
岡本(兵庫),130
志賀,130
石切,129
矢場町,129
幡生,129
土井,129
伊勢原,129
中公園,129
甚目寺,128
牧落,128
田尾寺,128
馬堀海岸,128
三原,128
府中本町,128
五位堂,128
信濃町,128
共和,127
厚別,127
鵠沼海岸,127
田奈,127
呉,127
香椎宮前,127
帯広,126
太田(高松),126
新井宿,126
苦竹,126
八尾南,126
谷在家,126
松が谷,126
三国ケ丘,126
泉佐野,126
心斎橋,125
東山(京都),125
世田谷,125
七条,125
鉄道博物館,125
英賀保,125
上田,124
武庫川,124
北鴻巣,124
小田急多摩センター,124
足立小台,124
砂田橋,124
平林(大阪),124
別府(兵庫),124
南万騎が原,124
鐘ケ淵,124
熊野前,124
スペースワールド,124
江北(東京),124
今里(近鉄),124
築地口,123
東海大学前,123
東海通,123
赤坂見附,123
淡路町,123
千葉寺,122
末広町(東京),122
子安,122
ちはら台,121
住ノ江,121
古国府,121
南松本,120
新山口,120
さくら夙川,120
田園調布,120
東白楽,120
志賀本通,120
大久保(京都),120
交野市,120
十条(京都市営),120
神宮前,119
なかもず(大阪メトロ),119
溜池山王,119
荒子川公園,119
清荒神,119
北上尾,119
瓦町,119
瑞穂区役所,118
豊四季,118
摂津市,118
陣原,118
関屋(新潟),118
大和田(埼玉),118
浜の宮,118
松陰神社前,118
龍ケ崎市,118
九品仏,117
瑞光四丁目,117
今治,117
いよ立花,117
千駄ケ谷,117
戸塚安行,117
滝の茶屋,117
北助松,117
狭山ケ丘,117
土居田,117
九州工大前,116
みつわ台,116
栗林,116
富田林西口,116
みらい平,116
佐貫,116
馬出九大病院前,115
京王よみうりランド,115
福,115
ＪＲ難波,115
大蔵谷,115
青葉通一番町,115
高石,115
京急田浦,114
竹田(京都),114
みのり台,114
後藤,114
南新宿,114
北信太,113
近鉄郡山,113
港町,113
多田(兵庫),113
阪大病院前,112
船橋日大前,112
荒川沖,112
汐留,112
赤土小学校前,112
大倉山(兵庫),111
沢ノ町,111
大阪港,111
富田(大阪),111
東新川(山口),111
元加治,111
志紀,111
春日原,110
戸頭,110
杉戸高野台,110
味鋺,110
中村公園,110
郡山(奈良),110
忍ケ丘,109
すずかけ台,109
多治見,109
見沼代親水公園,109
栗林公園,109
下山口,109
流山,109
川越市,109
旭ケ丘(宮城),108
新秋津,108
いずみ中央,108
花崎,108
大在,108
今伊勢,108
南栄,107
春木,107
新伊丹,107
文の里,107
津島,107
石田(京都市営),107
大石,106
阿波富田,106
熱田,106
福岡空港,106
京成臼井,106
牛久,106
高田(新潟),106
土橋(愛媛),106
葛岡,105
お台場海浜公園,105
酒々井,105
小川(東京),105
西府,105
佐古,105
日の出,105
美章園,104
防府,104
蓮田,104
企救丘,104
新深江,104
向河原,104
彦根,103
高崎問屋町,103
江戸川,103
久寿川,103
梅ケ丘,103
的場,103
北大宮,103
幸浦,103
鞍馬口,103
研究学園,103
高井田(大阪メトロ),102
仲御徒町,102
焼津,102
江井ケ島,102
新家,102
関大前,102
谷山(ＪＲ),102
相川,102
壺川,101
金山(福岡),101
小室,101
御徒町,101
上本郷,101
滝谷(大阪),101
百草園,101
江戸川台,100
福田町,100
県庁前(沖縄),100
千鳥橋,100
元山(千葉),100
清児,100
藤代,99
南大分,99
岡場,99
古川橋,99
下神明,99
東仙台,98
コスモスクエア,98
奥沢,98
高座渋谷,98
津田,98
北新横浜,98
番田(神奈川),98
笠幡,98
吉田(大阪),98
大開,98
丹波橋,98
愛子,98
姫松,97
寒川,97
上沢,97
枚岡,97
平安通,97
味岡,97
ＪＲ総持寺,96
萩原(福岡),96
二宮,96
平野(兵庫),96
流山おおたかの森,96
籠原,95
駒ケ林,95
開成,95
御殿山,95
出来島,95
庄内緑地公園,95
篠路,94
柏原(大阪),94
宇部新川,94
久米田,93
河内永和,93
道後公園,93
道後温泉,93
田辺,92
松山市,92
西川原,92
東宮原,92
本八戸,92
石津川,92
初芝,92
新柴又,92
東北福祉大前,91
堀田(名古屋市営),91
廿日市,91
中央市場前,91
須磨海浜公園,91
汐入,91
山王(愛知),91
修学院,91
和田岬,90
鶴見小野,90
竜田口,90
恋ケ窪,90
北巽,90
北長瀬,90
豊水すすきの,90
岸里玉出,90
八田(名古屋市営),90
播磨高岡,89
吹上(埼玉),89
堺市,89
猪名寺,89
だいどう豊里,89
喜多山(愛知),89
日根野,89
戸越公園,89
宝殿,88
山陽魚住,88
森小路,88
若松,88
御成門,88
前空,88
中野栄,88
広,88
北田辺,87
大師橋,87
西大宮,87
鎌ケ谷大仏,87
北高崎,87
美加の台,87
港区役所,86
名城公園,86
勝田,86
西鉄香椎,86
南摂津,86
鎌ケ谷,86
神武寺,86
高根木戸,86
針中野,86
津新町,86
石巻,86
東都筑,86
唐の原,86
行田,86
成瀬,86
帝塚山,86
柴原阪大前,85
阿品,85
中小田井,85
守山自衛隊前,85
三津,85
石刀,85
川越富洲原,85
小田急永山,85
花園町,84
東飯能,84
並木北,84
西岐阜,84
大通,84
鶴ケ丘,84
京急新子安,84
新河岸,83
下北沢,83
西江井ケ島,83
舞浜,83
伊勢田,83
萩山,83
桜井(大阪),83
左京山,82
勝山町,82
小松,82
百舌鳥八幡,82
北千束,82
福工大前,82
東寺,81
飛田給,81
世田谷代田,81
妙興寺,81
古島,81
水野,81
五月台,81
公津の杜,81
豊明,80
太秦(ＪＲ),80
片原町(高松),80
東福寺,80
高島(岡山),80
扇大橋,80
駒川中野,80
西舞子,80
亀山(兵庫),80
守恒,80
南巽,79
東中山,79
船橋競馬場,79
長浜,79
稲永,78
木更津,78
はるひ野,78
一ノ割,78
新宿西口,77
東北沢,77
栄(名古屋),77
逆井,77
城北公園通,77
緑園都市,77
富吉,77
月見山,77
伊予西条,77
大森・金城学院前,77
本星崎,77
江ノ島,77
愛宕(千葉),77
湘南深沢,76
嵯峨嵐山,76
自衛隊前,76
祇園四条,76
西灘,76
古川,76
高見ノ里,76
熊取,76
荒川区役所前,76
九大学研都市,76
前栽,76
古市(大阪),76
春日井(名鉄),76
弁天島,76
味美(名鉄),75
河内山本,75
新祝園,75
新伊勢崎,75
百舌鳥,75
唐津,75
延岡,75
石清水八幡宮,75
尾張横須賀,75
長府,75
桃山南口,74
西戸崎,74
東金沢,74
林道,74
柴田,74
学園前(千葉),74
和泉多摩川,74
益生,74
下飯田,74
おゆみ野,73
みどり台,73
原宿,73
入曽,73
海の公園柴口,73
吹田(阪急),73
衣山,73
守口市,73
くぬぎ山,73
小島新田,73
西ケ原,73
北初富,73
荒子,73
瑞穂運動場西,72
木津川台,72
舎人,72
三越前,72
萱島,72
北八王子,72
小菅,72
東山田,71
南田辺,71
小針,71
栗林公園北口,71
矢野,71
荒川車庫前,71
丸山(兵庫),71
緑が丘(東京),71
鳴子北,71
鶴里,70
小樽築港,70
幸手,70
旭(高知),70
牛田(東京),70
東岩槻,70
芦原橋,70
梅坪,70
霞ケ丘(兵庫),70
西高蔵,70
下祇園,69
亀崎,69
赤嶺,69
印場,69
奥町,69
甲州街道,69
浅香,69
尾張瀬戸,69
新代田,69
湊,69
三ケ森,68
笠寺,68
今羽,68
九産大前,68
山崎(京都),68
国分(鹿児島),68
小倉(京都),68
松任,68
安部山公園,68
今川(大阪),67
次郎丸,67
樽井,67
林崎松江海岸,67
京急大津,67
尼崎センタープール前,67
西一宮,67
高田市,67
堀田(名鉄),67
旭前,67
君津,67
平田町,67
日立,66
名古屋港,66
淀川,66
中百舌鳥(南海・泉北),66
尾道,66
千葉中央,66
善光寺下,66
大高,66
大麻,66
誉田,66
越前開発,66
朝里,66
マリンパーク,65
布忍,65
乙川,65
広畑,65
西春,65
陸前落合,65
瓢箪山(大阪),65
有栖川,64
稲城長沼,64
和泉砂川,64
近鉄蟹江,64
浜野,64
天竜川,64
スポーツセンター,64
富木,64
七宝,64
稲穂,64
住吉東,64
六地蔵(京都市営),63
仙北町,63
安針塚,63
三室戸,63
藤崎宮前,63
築地市場,63
宇宿,63
犬山,63
永田町,63
二島,63
人丸前,62
津田山,62
総合運動公園,62
太田川,62
北鎌倉,62
櫛原,62
小台,62
京急東神奈川,62
古町,62
西代,62
清水(愛知),62
菜畑,62
松原(東京),62
足利市,62
伝馬町,62
印旛日本医大,61
南彦根,61
上北台,61
二軒屋,61
帷子ノ辻,61
鈴蘭台西口,61
新栄町(福岡),61
瀬戸市役所前,61
増尾,61
伏屋,61
大阪城公園,60
足利,60
奥田中学校前,60
京成稲毛,60
奥武山公園,60
香椎花園前,60
荏原町,60
古市(広島),60
箱崎九大前,60
堀ノ内,60
東武動物公園,59
大形,59
ナゴヤドーム前矢田,59
西大分,59
松山(愛媛),59
東向日,59
秋山,59
法界院,59
布袋,59
長原(大阪),59
東中神,59
南甲府,59
黄金(愛知),59
布佐,59
川西(大阪),58
万願寺,58
土師ノ里,58
高柳,58
野芥,58
柳小路,58
和白(西鉄),58
京成大和田,58
門沢橋,58
天下茶屋,57
新白岡,57
半田,57
河内花園,57
瀬戸口,57
儀保,57
三苫,57
真菅,57
住吉(阪神),56
香西,56
津福,56
福音寺,56
萱町６丁目,56
鶴見緑地,56
大江(愛知),56
海田市,56
京成成田,56
諏訪ノ森,56
南加木屋,56
湯の川,55
奥田,55
首里,55
並河,55
八瀬比叡山口,55
城陽,55
中庄,55
阪神国道,55
大宮公園,55
高畑,55
北長野,55
新三田,54
四日市,54
横須賀,54
諫早,54
名和(愛知),54
くいな橋,54
浅香山,54
東海神,54
観月橋,54
恩智,54
つくし野,54
中込,54
日本橋(東京),54
中筋,54
北方(福岡),54
唐崎,54
中埠頭,54
下松(大阪),54
下小田井,54
市民広場,54
浦和美園,54
粉浜,54
向洋,53
十条(近鉄),53
豊川(愛知),53
徳力公団前,53
白糸台,53
生瀬,53
三河高浜,53
安治川口,53
西梅田,53
二色浜,53
伏見稲荷,53
南安城,52
鳴子温泉,52
大野城,52
北畠,52
萩の台,52
朝倉(愛知),52
早稲田(都電),52
蛸地蔵,52
滝山,52
竹芝,52
北野白梅町,52
小森江,51
春日川,51
我孫子道,51
西鉄千早,51
神宮西,51
知多半田,51
洲先,51
松ケ崎(京都),51
須磨寺,51
東枇杷島,51
小牧口,51
千城台,51
忠岡,51
京口,51
舞松原,50
鉄砲町,50
流山セントラルパーク,50
一分,50
木田,50
鳥取大学前,50
北国分,50
豊田町,49
朝倉(ＪＲ),49
手柄,49
萩原天神,49
一ノ関,49
宮内串戸,49
宮前,49
ハウステンボス,49
薬師堂(宮城),49
大町(広島),49
東福生,49
八木山動物公園,49
南多摩,49
尾崎,49
三条(京都),49
小岩井,49
ＪＲ小倉,49
郡津,49
近鉄下田,49
春日山,49
桃山,49
豊川(大阪),48
木幡(ＪＲ),48
六軒(岐阜),48
信太山,48
南生駒,48
今池(福岡),48
佐倉,48
東花園,48
大手町(東京),48
本笠寺,48
寺原,48
警察署前,48
北山(京都),48
琴芝,48
東松原,48
河内国分,48
掛川,48
元山(高松),47
可部,47
宮之阪,47
西尾,47
木曽川,47
尾上の松,47
六会日大前,46
西三荘,46
北坂戸,46
稲田堤,46
善光寺,46
藤江,46
香川(神奈川),46
都城,46
墨染,46
一乗寺,46
諏訪町,46
新日本橋,46
蔵本,46
富田林,46
虎ノ門,46
梅田,45
鵜沼,45
文化の森,45
枝光,45
大手町(愛媛),45
春田,45
吉川美南,45
弥刀,45
狭山,45
淡輪,45
袖ケ浦,45
穴川(千葉),44
百合が原,44
川西池田,44
成田湯川,44
長谷(神奈川),44
道明寺,44
明治神宮前,44
京終,44
大同町,44
緑井,44
白庭台,44
和泉橋本,44
渋沢,44
大塚・帝京大学,44
桐生,44
花園(高松),43
二上,43
今橋,43
大物,43
加茂(京都),43
三咲,43
中川原,43
矢作橋,43
鈴木町,43
連坊,43
西線１４条,43
原市,43
西原(広島),42
元田中,42
多摩センター,42
東青森,42
蘇原,42
高鷲,42
六丁の目,42
野島公園,42
由比ケ浜,42
蹴上,42
久米,42
木太町,42
美合,42
神領,41
倉賀野,41
運河,41
呼続,41
九条(奈良),41
岸里,41
賀茂,41
西飾磨,41
西線１６条,41
二和向台,41
稲野,41
龍谷大前深草,41
湘南海岸公園,40
石和温泉,40
阿倉川,40
法善寺,40
新豊洲,40
はなみずき通,40
新舞子,40
栄(兵庫),40
常盤(京都),40
南が丘,40
国際会館,40
我孫子前,40
三島田町,40
四宮,40
東成岩,40
鈴鹿市,39
鷹の台,39
三島広小路,39
八景島,39
志都美,39
富士宮,39
松島二丁目,39
比叡山坂本,39
坊城,39
北春日部,39
八代,39
浜川崎,39
吉原,39
新御茶ノ水,39
寺泊,39
新大津,39
南町,39
上挙母,39
高砂(北海道),39
久居,39
稲荷山公園,38
秋津,38
北山形,38
新南陽,38
殿山,38
川中島,38
小禄,38
川原町,38
星ケ丘(大阪),38
平城山,38
梅小路京都西,38
多磨霊園,38
那須塩原,38
白浜の宮,38
余部,38
夢前川,38
光風台(大阪),38
東佐野,38
東浦,38
祇園新橋北,37
滝野川一丁目,37
柴崎体育館,37
八柱,37
橋本(福岡),37
おごと温泉,37
車折神社,37
現川,37
永犬丸,37
海神,37
佐久平,37
入明,37
小倉台,37
桜本町,37
木津(京都),37
亀川,37
初富,37
愛知大学前,37
若林(愛知),37
東岡山,37
烏森,36
泉体育館,36
宝町(東京),36
新札幌,36
枇杷島,36
宝ケ池,36
中央前橋,36
住吉町,36
東鳴尾,36
松ノ浜,36
南大高,36
聚楽園,36
栄生,36
近鉄富田,36
六地蔵(ＪＲ),36
円行寺口,36
青山(岩手),36
青山(愛知),36
耳成,36
妹尾,36
伽羅橋,36
大和小泉,36
久宝寺口,36
青葉,36
清水(大阪メトロ),35
男川,35
北松本,35
安芸矢口,35
酒田,35
五稜郭公園前,35
門真南,35
安倍川,35
東新潟,35
大岡(静岡),35
江別,35
東逗子,35
越後石山,35
太秦広隆寺,35
浅野,35
用宗,35
程久保,35
今宮,35
紀三井寺,35
野田市,34
西別院,34
西岡崎,34
二階堂,34
岩手飯岡,34
東三条,34
足柄(神奈川),34
北見,34
多磨,34
愛環梅坪,34
松飛台,34
桜木(千葉),34
浜北,33
山田(東京),33
逗子・葉山,33
半田口,33
空港通り,33
浄水,33
宮島口,33
安芸長束,33
保見,33
余戸,33
桜(愛知),33
栗橋,33
鶴岡,33
原(静岡),33
小野(京都),33
名電各務原,33
尺土,33
尼ケ坂,33
熊西,33
三河八橋,32
梶原,32
安善,32
花山,32
恩田,32
福井口,32
近鉄弥富,32
本鵠沼,32
我孫子町,32
中央大学・明星大学,32
中央図書館前,32
鼓滝,32
碧海古井,32
高松(東京),32
額田(大阪),32
東天下茶屋,31
稲枝,31
海の公園南口,31
上島,31
北久米,31
舞岡,31
霞ケ関(埼玉),31
出雲市,31
牛浜,31
中水野,31
上中里,31
国府台,31
摂津,30
平山城址公園,30
庭瀬,30
長田(大阪),30
上盛岡,30
新日鉄前,30
天台,30
銀座一丁目,30
城野(北九州モノレール),30
沼南,30
武蔵塚,30
沖松島,30
東屯田通,30
柏たなか,30
桜町前,30
四条畷,30
一ツ木,30
本郷(長野),29
久津川,29
黄檗(ＪＲ),29
有明(東京),29
紀ノ川,29
恵我ノ荘,29
みどりの,29
旦過,29
逢妻,29
西取手,29
国道,29
松虫,29
土居,29
湯本,29
土岐市,29
大泉(富山),29
端岡,29
唐櫃台,29
新町(群馬),29
上一万,29
富士松,29
五社,29
観音寺(愛知),29
西山天王山,29
二子,29
鵯越,28
松戸新田,28
伊勢崎,28
宮の陣,28
日比野(名鉄),28
朽網,28
山前,28
新鵜沼,28
新高島,28
東須磨,28
井高野,28
乃木,28
榛原,28
巽ケ丘,28
上牧(大阪),28
陸前山下,28
神鉄道場,28
網干,28
新発田,27
西太子堂,27
長久手古戦場,27
牛田(愛知),27
鎌倉高校前,27
津山,27
沢良宜,27
平和台(千葉),27
吉浦,27
亀田,27
片倉,27
田浦,27
井原里,27
本町４丁目,27
新鎌ケ谷,27
水沢,27
正雀,27
布施屋,27
尾張旭,27
岩切,26
宇多野,26
荒川一中前,26
中村日赤,26
金手,26
橋本(京都),26
検見川,26
相武台下,26
七軒茶屋,26
長浦(愛知),26
紀伊中ノ島,26
妙音通,26
みさき公園,26
平成,26
砂川七番,26
松風町,26
銭函,26
綾羅木,26
深堀町,26
立場,26
塚西,26
山下(兵庫),25
作草部,25
御井,25
杉本町,25
津久井浜,25
筒井(青森),25
黒田(愛知),25
滝尾,25
天理,25
南平,25
高坂,25
佐屋,25
能登川,25
古市橋,25
近江舞子,25
三条京阪,25
思案橋,25
東尾道,25
安芸中野,25
昭和島,25
酒折,25
東貝塚,25
道上,24
須ケ口,24
松江しんじ湖温泉,24
矢田(愛知),24
重原,24
近鉄長島,24
野田新町,24
大輪田,24
千代川,24
小池,24
船町,24
西武球場前,24
鳥浜,24
県庁前(愛媛),24
宇治山田,23
南荒子,23
三河知立,23
戸田(愛知),23
十字街,23
ロープウェイ入口,23
浜寺公園,23
南宇都宮,23
京成金町,23
宮内(新潟),23
追分(三重),23
新広,23
舎人公園,23
新田(京都),23
矢田(大阪),23
琴電屋島,22
近鉄丹波橋,22
高野(東京),22
上熊谷,22
仁豊野,22
霧島神宮,22
徳力嵐山口,22
御陵,22
亀岡,22
戸坂,22
新木曽川,22
平和,22
紀伊,22
三日市,22
小宮,22
近鉄新庄,22
伊勢市,22
大場,22
玉ノ井,22
矢切,22
各務原市役所前,21
本陣,21
喜志,21
的形,21
常滑,21
大和新庄,21
桃山御陵前,21
千林,21
諏訪神社,21
井の頭公園,21
備前三門,21
蓮ケ池,21
薊野,21
南福島,21
篠ノ井,21
片浜,21
西線１１条,21
上鳥羽口,21
中ふ頭,21
新守谷,21
馬堀,21
大山崎,21
古見(愛知),21
新川橋,21
国際センター(宮城),21
小路(大阪メトロ),20
片貝,20
市川塩浜,20
東大手,20
御着,20
梅林(広島),20
川内(鹿児島),20
新白島(ＪＲ),20
伊予和気,20
六十谷,20
黒磯,20
木屋町,20
櫛ケ浜,20
相原,20
大里,20
ＪＲ野江,20
湯の川温泉,20
石原(埼玉),20
矢賀,20
西線６条,20
荒木,20
早岐,20
中佐世保,20
国母,20
青梅街道,20
成岩,20
渕高,19
京成船橋,19
知多武豊,19
羽貫,19
西金沢,19
安芸阿賀,19
田県神社前,19
本町３丁目,19
犬山口,19
荒井(宮城),19
大森台,19
末野原,19
大街道,19
宇頭,19
東松江(和歌山),19
畝傍,19
西枇杷島,19
鎌田,19
野崎(大阪),19
長浦(千葉),19
加須,19
慈眼寺,19
志井(北九州モノレール),19
西鎌倉,19
御崎公園,19
巌根,19
高安,19
京橋(東京),19
山陽天満,19
鶴原,19
滝谷不動,18
尾奈,18
安東,18
間内,18
鵠沼,18
伊勢松本,18
市立病院前(沖縄),18
石手川公園,18
市役所,18
高師浜,18
鹿王院,18
上野幌,18
堅下,18
志久,18
南越谷,18
六地蔵(京阪),18
肥前古賀,18
花園(京都),18
羽黒(愛知),18
小絹,18
雀宮,18
内幸町,18
屋島,18
助信,18
米野木,18
長沼(東京),18
久留米高校前,18
市役所前(函館),17
遠州西ケ崎,17
開明,17
宮山,17
尼ケ辻,17
和多田,17
滝井,17
三柿野,17
久留米大学前,17
三津浜,17
平和通,17
梅郷,17
南方(大阪),17
新潟大学前,17
ゆめみ野,17
玖村,17
大和朝倉,17
国立競技場,17
田原町(福井),17
大塚(広島),16
間々田,16
京成西船,16
岡寺,16
中八木,16
八景水谷,16
天神川,16
八幡新田,16
八幡(静岡),16
山ノ内(京都),16
鳥取ノ荘,16
競馬場前(福岡),16
松山市駅,16
西焼津,16
信濃吉田,16
古賀,16
鹿沼,16
吉原本町,16
名鉄一宮,16
光の森,16
新今宮,16
山陽網干,16
今井,16
阿漕,16
阿久比,16
長瀬,16
川崎新町,16
彦根口,16
青塚,16
稲荷町(富山),15
北熊本,15
荒川遊園地前,15
扶桑,15
なにわ橋,15
筒井(奈良),15
佐野,15
聖天坂,15
富田(三重),15
新清水,15
源道寺,15
三郷(奈良),15
山陽明石,15
曽根田,15
高師,15
宮田町,15
石浜,15
大福,15
新小金井,15
面影橋,15
玉垣,15
摩耶,15
嵐山(阪急),15
動物園前,15
自動車学校前,15
南部市場,15
箱根ケ崎,15
武蔵大和,15
東尾久三丁目,15
畦野,14
柳津(岐阜),14
堀切,14
柳生橋,14
京王片倉,14
東津山,14
川内(宮城),14
末広町(函館),14
東毛呂,14
今宮戎,14
俊徳道,14
蔵王,14
藤野,14
志井公園,14
多摩動物公園,14
北長岡,14
東觜崎,14
内部,14
仏生山,14
飯塚,14
黒江,14
押部谷,14
ＪＲ淡路,14
古高松南,14
中ノ庄,14
敷戸,14
びわ湖浜大津,14
光風台(千葉),14
福大前西福井,14
宮城野通,14
泉(ＪＲ),14
谷上,14
大塩,14
磯山,14
名鉄岐阜,13
名電山中,13
あおば通,13
競艇場前,13
霞ケ浦,13
宇部岬,13
小本(愛知),13
南高田,13
西ノ庄,13
七里ケ浜,13
四ツ倉,13
汐ノ宮,13
新上挙母,13
三田本町,13
西衣山,13
秋川,13
伊勢中川,13
崇禅寺,13
島氏永,13
北岡崎,13
美術館図書館前,13
荒川二丁目,13
中央病院前,13
中央弘前,13
大甕,13
北茅ケ崎,13
不二越,13
竜ケ崎,13
旭川四条,13
大屋,13
村野,13
南堀端,13
東秋留,13
九条(阪神),13
久里浜,13
川間,13
本諫早,13
横手,13
試験場前,13
上豊田,13
赤十字前,12
姫宮,12
前橋大島,12
妻鹿,12
衣摺加美北,12
花巻,12
北天下茶屋,12
緒川,12
北埠頭,12
螢田,12
羽生,12
賀来,12
太平,12
八日市,12
市民会館,12
居能,12
市役所前(長野),12
山西,12
帯解,12
栢山,12
清武,12
穂積,12
弥富,12
黄檗(京阪),12
鳥羽街道,12
高横須賀,12
波多江,12
法隆寺,12
帝塚山三丁目,12
高取,12
日前宮,12
七光台,12
香椎神宮,12
田中口,12
石上,12
江曽島,12
神立,12
碧南,12
楽々園,12
井野(群馬),12
塩屋(高松),11
市坪,11
新小平,11
蚕ノ社,11
京成八幡,11
鰭ケ崎,11
飯坂温泉,11
境町,11
新清洲,11
大阪ビジネスパーク,11
大門(愛知),11
大野町,11
犬山遊園,11
天空橋,11
新ノ口,11
静修学園前,11
田神,11
東唐津,11
下大利,11
畝傍御陵前,11
上深川,11
宇多津,11
崇城大学前,11
三輪,11
二日市,11
地蔵橋,11
石山通,11
玉水,11
健軍町,11
稲戸井,11
小田栄,11
山陽須磨,11
古江,11
尾張森岡,11
永覚,11
柏森,11
宮の坂,11
西富士宮,11
西二見,11
土佐一宮,11
佐古木,11
吉野原,11
粟津(石川),11
箱根板橋,11
黒髪町,11
西尾口,11
黒川(神奈川),11
毘沙門台,10
上大井,10
八ツ島,10
木屋瀬,10
高浜港,10
竜舞,10
杉並町,10
大原(広島),10
ささしまライブ,10
和邇,10
清洲,10
信濃国分寺,10
東別府,10
田吉,10
下奥井,10
大池,10
児島,10
黒笹,10
天拝山,10
八本松,10
伊勢朝日,10
佐味田川,10
逸見,10
西ノ京,10
河内磐船,10
長沼(静岡),10
川原石,10
河曲,10
三島二日町,10
三本松口,10
栃木,10
西都城,10
トレードセンター前,10
泊(三重),10
南桜井(埼玉),10
直江津,10
みなと元町,10
平城,10
舞子公園,10
富士川,10
浅虫温泉,10
池部,9
新庚申塚,9
中田(神奈川),9
和田塚,9
寺本,9
西線９条旭山公園通,9
多賀城,9
西笠松,9
ＪＲ河内永和,9
三井寺,9
桐原(新潟),9
中島公園通,9
東成田,9
新津,9
中島(広島),9
はりま勝原,9
東垂水,9
東山(奈良),9
西堀端,9
渚(長野),9
讃岐塩屋,9
毛呂,9
篠栗,9
稲荷口,9
筑前前原,9
神水交差点,9
円座,9
青堀,9
備中高松,9
近鉄日本橋,9
二軒茶屋(京都),9
宝山寺,9
平和通１丁目,9
常陸多賀,9
丸山(埼玉),9
野々市(ＪＲ),9
小中野,9
神ノ木,9
伏石,8
弥生,8
学習院下,8
越中中島,8
町方,8
上野御徒町,8
湖山,8
浜金谷,8
土崎,8
羽沢横浜国大,8
金蔵寺,8
祝園,8
平田(長野),8
坪井川公園,8
今津(阪急),8
勢野北口,8
県庁前(千葉),8
鳴滝,8
巣鴨新田,8
八田(ＪＲ),8
湘南町屋,8
江端,8
山陽塩屋,8
栄町(東京),8
西大路三条,8
富士見町(鳥取),8
韓々坂,8
銀座,8
飯田,8
新倉敷,8
新中川町,8
宮崎空港,8
奥洞海,8
女子大,8
新正,8
豊後国分,8
赤十字病院前,8
北朝霞,8
安茂里,8
住吉(大阪),8
鍋島,8
田原本,8
新町(熊本),8
瀬野,8
七重浜,8
高井田中央,8
高井田(ＪＲ),8
佐世保中央,8
池田(熊本),7
古高松,7
りんくうタウン,7
松永,7
石津北,7
紀和,7
東粉浜,7
山田川,7
園部,7
トヨタモビリティ富山　Ｇスクエア五福前,7
河内森,7
三山木,7
行田市,7
ときわ台(大阪),7
山鼻１９条,7
八木西口,7
松田町,7
神野,7
福間,7
伊奈中央,7
神鉄六甲,7
あいの里公園,7
八栗,7
新那加,7
清水町,7
野州山辺,7
春日町,7
鼓ケ浦,7
甲斐住吉,7
北野桝塚,7
武州唐沢,7
田井ノ瀬,7
新青森,7
寺尾,7
白木原,7
中学校,7
加賀笠間,7
備後本庄,7
球場前(岡山),7
新加美,7
榎戸(愛知),7
北三条,7
天応,7
動物公園,7
御室仁和寺,7
越戸,7
多摩湖,7
電車事業所前,7
京成幕張,7
帝塚山四丁目,7
京成上野,7
西鉄二日市,7
南桜井(愛知),7
小柳(青森),7
糸井,7
幸,7
幸田,7
多屋,7
東京,7
隼人,7
庚申塚,7
浦添前田,7
府中競馬正門前,7
高砂町,7
本吉原,7
木花,7
高知商業前,7
まつもと町屋,6
呉服町(熊本),6
八幡前(京都),6
入生田,6
中野東,6
西登戸,6
上野広小路,6
飛鳥山,6
北佐世保,6
香久山,6
赤堀,6
下馬,6
青柳町,6
下土狩,6
赤間,6
三ケ日,6
鬼子母神前,6
西阿知,6
六名,6
鮎喰,6
西川越,6
京田辺,6
三ノ輪橋,6
三河鳥羽,6
横山(兵庫),6
茶屋町,6
汐見橋,6
涙橋,6
小幡緑地,6
細畑,6
宗吾参道,6
安立町,6
興津,6
東郷,6
栄(岡山),6
福井(岡山),6
大野浦,6
大町(北海道),6
大山寺,6
大善寺,6
桐原(長野),6
大住,6
蓮町(馬場記念公園前),6
福居,6
木曽川堤,6
坂ノ市,6
港山,6
新福井,6
狐ケ崎,6
日比谷,6
日永,6
日華化学前,6
播磨新宮,6
町屋二丁目,6
曳馬,6
岩室,6
幌南小学校前,6
相見,6
左石,6
碧南中央,6
嵐電嵯峨,6
島田(静岡),6
島内,6
蛍茶屋,6
富水,6
森田,6
築山,5
鷹ノ子,5
泉(福島交通),5
東諫早,5
河戸帆待川,5
木太東口,5
舞阪,5
三俣,5
西大寺,5
船戸,5
河原町(熊本),5
万石浦,5
学研北生駒,5
越中荏原,5
湘南江の島,5
西小泉,5
花堂,5
赤迫,5
加納(宮崎),5
妙心寺,5
苅藻,5
慶徳校前,5
柴島,5
天神ノ森,5
草津(広島),5
高塚,5
北新川,5
新千葉,5
羽前千歳,5
弁天橋,5
広野(兵庫),5
市役所前(千葉),5
西松本,5
周防下郷,5
長太ノ浦,5
吉成,5
岡本(栃木),5
砥堀,5
木津用水,5
小金城趾,5
金屋,5
笹木野,5
野町,5
京成酒々井,5
筑豊香月,5
東玉出,5
小月,5
西武新宿,5
森下(福岡),5
東姫路,5
善導寺,5
那加,5
遠州小松,5
絹延橋,5
道場南口,5
東我孫子,5
平井(愛媛),5
東松阪,5
水島,5
長楽寺,5
桜井(愛知),5
須磨浦公園,5
千鳥,5
多喜浜,5
南延岡,5
城川原,5
桜町(長野),5
武蔵高萩,5
城東,5
西熊本,5
千城台北,5
八木崎,4
堀詰,4
中深川,4
二ツ杁,4
常盤(岡山),4
雫石,4
伊那八幡,4
上安,4
都電雑司ケ谷,4
上相浦,4
南四日市,4
矢原,4
南港口,4
鬼越,4
函館アリーナ前,4
月岡(新潟),4
寺田(京都),4
富山大学前,4
安堂,4
南日永,4
住吉(長崎),4
橿原神宮西口,4
中松江,4
唐橋前,4
堀川町,4
藤ノ木,4
二郎,4
遠州病院,4
安野屋,4
細谷(群馬),4
東葉勝田台,4
安芸川尻,4
植大,4
妻崎,4
入谷(神奈川),4
入江岡,4
八栗新道,4
徳和,4
関(岐阜),4
丸渕,4
瓦ケ浜,4
等持院・立命館大学衣笠キャンパス前,4
西辛島町,4
北安城,4
ベル前,4
小郡(福岡),4
西富山,4
大阪難波,4
水道町,4
長泉なめり,4
市川真間,4
清水公園,4
小野(滋賀),4
千代崎,4
大阪梅田(阪神),4
一身田,4
相模湖,4
不動院前,4
備中箕島,4
森上,4
岩沼,4
産業振興センター,4
上山口,4
貝塚市役所前,4
競馬場前(函館),3
下館,3
箕田,3
高茶屋,3
川尻,3
山崎(愛知),3
馬道,3
燕三条,3
県総合運動場,3
井細田,3
筑前深江,3
本川町,3
八幡前(和歌山),3
今船,3
都府楼南,3
桜橋(静岡),3
健軍校前,3
都府楼前,3
東山公園(鳥取),3
市役所前(愛媛),3
高松築港,3
日吉町,3
和田河原,3
京成中山,3
堀川,3
細井川,3
西武園ゆうえんち,3
井野(千葉),3
信濃荒井,3
堀内公園,3
知寄町一丁目,3
石仏,3
梅林(福岡),3
西鉄柳川,3
岡崎公園前,3
向原(東京),3
牛山,3
高山,3
和戸,3
愛知御津,3
柚木(ＪＲ),3
柳,3
観音町(広島),3
国府(熊本),3
千葉公園,3
四条大宮,3
押野,3
大釜,3
草津南,3
南公園,3
ＪＲ俊徳道,3
島ノ関,3
和歌山港,3
西山(福岡),3
湯田村,3
教育大前,3
中間,3
水巻,3
韮川,3
萩原(愛知),3
谷山(市電),3
音羽町,3
飯田岡,3
函館駅前,3
社家,3
近文,3
渡辺橋,3
広木,3
新田塚,3
上郷,3
武豊,3
羽犬塚,3
二十軒,3
泉外旭川,3
膳所本町,3
近鉄八田,3
岡本(高松),3
比良(愛知),3
各務ケ原,3
安積永盛,3
段原一丁目,3
越前花堂,3
蔚山町,3
西富井,3
長与,3
東高須,3
熊川,3
舟戸,3
藍本,3
朝倉街道,3
新静岡,2
川宮,2
長者原,2
朝菜町,2
石田(福岡),2
嵐電天神川,2
丸ノ内,2
石嶺,2
呉ポートピア,2
弘高下,2
新庄田中,2
早川,2
下泉,2
愛宕(宮城),2
日長,2
新川町(愛知),2
中田(徳島),2
手力,2
播磨,2
瑞浪,2
新加納,2
玉造温泉,2
極楽寺,2
名取,2
新木屋瀬,2
石山寺,2
日宇,2
市大医学部,2
新津田沼,2
矢田前,2
市立体育館前,2
中岡崎,2
上町二丁目,2
西新発田,2
二俣尾,2
清輝橋,2
滋賀里,2
吉野神宮,2
二軒茶屋(鹿児島),2
旭駅前通,2
府中(徳島),2
二中通,2
瀬戸,2
越生,2
美濃太田,2
辛島町,2
大入,2
近鉄御所,2
千歳町(長崎),2
大佐倉,2
追分(滋賀),2
宝来町,2
三条(新潟),2
八丁馬場,2
宮ノ平,2
泉福寺,2
緑町,2
国際展示場,2
八戸,2
経塚,2
八幡(愛知),2
宇部,2
学園通り,2
ゆめが丘,2
函館どつく前,2
大町(千葉),2
森本,2
一宮,2
茶所,2
大阪教育大前,2
西泉,2
貿易センター,2
七日町,2
加布里,2
柚木(静岡鉄道),2
千代台,2
切通,2
国府(愛知),2
婦中鵜坂,2
越中中川,2
古庄,2
比良(滋賀),2
東岩瀬,2
さぎの宮,2
竹橋,2
南守谷,2
竹村,2
佐野市,2
西諫早,2
佐野のわたし,2
山下(東京),2
てだこ浦西,2
山口(愛知),2
高見馬場,2
上ゲ,2
佐伯区役所前,2
桟橋通五丁目,2
本塩釜,2
伊豆長岡,2
原当麻,2
西ケ原四丁目,2
野間,2
ドーム前,2
武蔵白石,2
比治山下,2
寺家,2
堀江,2
偕楽園,2
西鉄五条,2
西里,2
鬼無,2
三滝,2
桃園,1
ジヤトコ前(ジヤトコ１地区前),1
永和,1
武田尾,1
武州長瀬,1
ひこね芹川,1
武蔵増戸,1
鷲宮,1
下深川,1
桜台(福岡),1
氏家,1
桜島,1
下山村,1
日当山,1
湯河原,1
日本ライン今渡,1
めがね橋,1
鷹野橋,1
上川内,1
鶴田,1
鯰田,1
魚市場通,1
東名古屋港,1
東中央町,1
有楽町,1
高麗,1
三瀬,1
浦田(福岡),1
本町５丁目,1
海崎,1
上栄町,1
ＪＲ長瀬,1
本宿(愛知),1
上本町(富山),1
木津(兵庫),1
上塩屋,1
高田(長崎),1
あき亀山,1
東塩釜,1
瀬戸市,1
永山,1
東新庄,1
栄町(千葉),1
下地,1
松島海岸,1
高尾山口,1
下之郷,1
湖北,1
木幡(兵庫),1
松ケ崎(三重),1
鵜沼宿,1
いづろ通,1
東福間,1
高崎(上信),1
東白石,1
鳴子御殿湯,1
上越妙高,1
昭和町通,1
洗馬橋,1
森口,1
味美(東海交通),1
馬立,1
菜園場町,1
花畑町,1
加治屋町,1
奥浜名湖,1
太宰府,1
天満町,1
動植物園入口,1
豊橋公園前,1
豊栄,1
大網,1
荒尾(熊本),1
荒川七丁目,1
北新井,1
豊幌,1
豊川稲荷,1
大浦天主堂,1
大波止,1
菅野,1
割出,1
花田口,1
宇宿一丁目,1
近鉄名古屋,1
速星,1
通町筋,1
美咲が丘,1
美薗中央公園,1
群馬八幡,1
群馬総社,1
腰越,1
公園東口,1
芝川,1
近江神宮前,1
農学部前,1
船尾(大阪),1
内原,1
宇美,1
内野,1
宇治(京阪),1
大橋通,1
萩ノ茶屋,1
新蒲原,1
大安寺,1
博労町,1
行橋,1
坂,1
土沢,1
原木,1
原町,1
土佐大津,1
西相知,1
西塩釜,1
国定,1
嘉例川,1
西天下茶屋,1
西武園,1
吉礼,1
吉見ノ里,1
吉野ケ里公園,1
和木,1
南鹿児島駅前,1
城北,1
南高崎,1
西黒崎,1
讃岐牟礼,1
千旦,1
葭川公園,1
大保,1
蓬莱,1
南吹田,1
夜須,1
南栗橋,1
南風崎,1
西院(京福),1
境港,1
塩釜,1
塚目,1
南永山,1
西鉄新宮,1
埴生,1
宮町,1
宿院,1
運動公園前(愛知),1
緑が丘(兵庫),1
志井(ＪＲ),1
甲東中学校前,1
御油,1
御幸橋,1
御厨(静岡),1
白沢渓谷,1
雁ノ巣,1
広電本社前,1
陸前赤井,1
陸前谷地,1
平松,1
直方,1
直江,1
相模沼田,1
相浦,1
県立美術館前,1
関目成育,1
志貴野中学校前,1
九品寺交差点,1
田京,1
中福良,1
熱海,1
中山平温泉,1
香芝,1
片瀬山,1
新栃木,1
牛久保,1
牛津,1
中萩,1
撮影所前,1
新川町(函館),1
新屋敷,1
新宮中央,1
新可児,1
中電前,1
新取手,1
青葉山,1
関富岡,1
矢幅,1
石場,1
築城,1
笹谷,1
修大協創中高前,1
笹貫,1
倶利伽羅,1
備前一宮,1
寺町,1
備前片上,1
寺庄,1
山岸,1
都通,1
米野,1
粟ケ崎,1
糸崎,1
入山瀬,1
糸田,1
紙屋町東,1
笠松,1
稲村ケ崎,1
仁愛女子高校,1
伊豆多賀,1
工機前,1
長田(神戸市営),1
伊予三芳,1
神前(和歌山),1
長森,1
嵐山(京福),1
岩鼻,1
伊達,1
山本(佐賀),1
岩原,1
岡田浦,1
岐南,1
銭座町,1
山鼻９条,1
山陽女学園前,1
山陽垂水,1
伊勢若松,1
